{"compilerOptions": {"module": "esnext", "target": "esnext", "checkJs": true, "allowJs": true, "noEmitOnError": true, "strict": true, "forceConsistentCasingInFileNames": true, "noImplicitReturns": true, "noFallthroughCasesInSwitch": true, "composite": true, "declaration": true, "sourceMap": true, "inlineSources": true, "skipLibCheck": true, "rootDir": "..\\..\\..\\..\\..\\..\\front_end\\core\\platform", "typeRoots": [], "outDir": ".", "tsBuildInfoFile": "platform-tsconfig.json.tsbuildinfo", "lib": ["esnext", "dom", "dom.iterable"]}, "files": ["..\\..\\..\\..\\..\\..\\front_end\\core\\platform\\UIString.ts", "..\\..\\..\\..\\..\\..\\front_end\\core\\platform\\array-utilities.ts", "..\\..\\..\\..\\..\\..\\front_end\\core\\platform\\date-utilities.ts", "..\\..\\..\\..\\..\\..\\front_end\\core\\platform\\keyboard-utilities.ts", "..\\..\\..\\..\\..\\..\\front_end\\core\\platform\\map-utilities.ts", "..\\..\\..\\..\\..\\..\\front_end\\core\\platform\\number-utilities.ts", "..\\..\\..\\..\\..\\..\\front_end\\core\\platform\\set-utilities.ts", "..\\..\\..\\..\\..\\..\\front_end\\core\\platform\\string-utilities.ts", "..\\..\\..\\..\\..\\..\\front_end\\core\\platform\\typescript-utilities.ts", "..\\..\\..\\..\\..\\..\\front_end\\core\\platform\\utilities.ts", "..\\..\\..\\..\\..\\..\\front_end\\legacy\\legacy-defs.d.ts", "..\\..\\..\\..\\..\\..\\front_end\\global_typings\\global_defs.d.ts", "..\\..\\..\\..\\..\\..\\front_end\\global_typings\\request_idle_callback.d.ts", "..\\..\\..\\..\\..\\..\\front_end\\global_typings\\intl_display_names.d.ts", "..\\..\\..\\..\\..\\..\\node_modules\\@types\\filesystem\\index.d.ts"], "references": [{"path": "./dcheck-tsconfig.json"}]}