{"compilerOptions": {"module": "esnext", "target": "esnext", "checkJs": true, "allowJs": true, "noEmitOnError": true, "strict": true, "forceConsistentCasingInFileNames": true, "noImplicitReturns": true, "noFallthroughCasesInSwitch": true, "composite": true, "declaration": true, "sourceMap": true, "inlineSources": true, "skipLibCheck": true, "rootDir": "..\\..\\..\\..\\..\\..\\front_end\\core\\sdk", "typeRoots": [], "outDir": ".", "tsBuildInfoFile": "sdk-tsconfig.json.tsbuildinfo", "lib": ["esnext", "dom", "dom.iterable"]}, "files": ["..\\..\\..\\..\\..\\..\\front_end\\core\\sdk\\AccessibilityModel.ts", "..\\..\\..\\..\\..\\..\\front_end\\core\\sdk\\CPUProfileDataModel.ts", "..\\..\\..\\..\\..\\..\\front_end\\core\\sdk\\CPUProfilerModel.ts", "..\\..\\..\\..\\..\\..\\front_end\\core\\sdk\\CPUThrottlingManager.ts", "..\\..\\..\\..\\..\\..\\front_end\\core\\sdk\\CSSContainerQuery.ts", "..\\..\\..\\..\\..\\..\\front_end\\core\\sdk\\CSSFontFace.ts", "..\\..\\..\\..\\..\\..\\front_end\\core\\sdk\\CSSMatchedStyles.ts", "..\\..\\..\\..\\..\\..\\front_end\\core\\sdk\\CSSMedia.ts", "..\\..\\..\\..\\..\\..\\front_end\\core\\sdk\\CSSMetadata.ts", "..\\..\\..\\..\\..\\..\\front_end\\core\\sdk\\CSSModel.ts", "..\\..\\..\\..\\..\\..\\front_end\\core\\sdk\\CSSProperty.ts", "..\\..\\..\\..\\..\\..\\front_end\\core\\sdk\\CSSPropertyParser.ts", "..\\..\\..\\..\\..\\..\\front_end\\core\\sdk\\CSSQuery.ts", "..\\..\\..\\..\\..\\..\\front_end\\core\\sdk\\CSSRule.ts", "..\\..\\..\\..\\..\\..\\front_end\\core\\sdk\\CSSStyleDeclaration.ts", "..\\..\\..\\..\\..\\..\\front_end\\core\\sdk\\CSSStyleSheetHeader.ts", "..\\..\\..\\..\\..\\..\\front_end\\core\\sdk\\ChildTargetManager.ts", "..\\..\\..\\..\\..\\..\\front_end\\core\\sdk\\CompilerSourceMappingContentProvider.ts", "..\\..\\..\\..\\..\\..\\front_end\\core\\sdk\\Connections.ts", "..\\..\\..\\..\\..\\..\\front_end\\core\\sdk\\ConsoleModel.ts", "..\\..\\..\\..\\..\\..\\front_end\\core\\sdk\\ConsoleModelTypes.ts", "..\\..\\..\\..\\..\\..\\front_end\\core\\sdk\\Cookie.ts", "..\\..\\..\\..\\..\\..\\front_end\\core\\sdk\\CookieModel.ts", "..\\..\\..\\..\\..\\..\\front_end\\core\\sdk\\CookieParser.ts", "..\\..\\..\\..\\..\\..\\front_end\\core\\sdk\\DOMDebuggerModel.ts", "..\\..\\..\\..\\..\\..\\front_end\\core\\sdk\\DOMModel.ts", "..\\..\\..\\..\\..\\..\\front_end\\core\\sdk\\DebuggerModel.ts", "..\\..\\..\\..\\..\\..\\front_end\\core\\sdk\\EmulationModel.ts", "..\\..\\..\\..\\..\\..\\front_end\\core\\sdk\\FilmStripModel.ts", "..\\..\\..\\..\\..\\..\\front_end\\core\\sdk\\FrameAssociated.ts", "..\\..\\..\\..\\..\\..\\front_end\\core\\sdk\\FrameManager.ts", "..\\..\\..\\..\\..\\..\\front_end\\core\\sdk\\HeapProfilerModel.ts", "..\\..\\..\\..\\..\\..\\front_end\\core\\sdk\\IOModel.ts", "..\\..\\..\\..\\..\\..\\front_end\\core\\sdk\\IsolateManager.ts", "..\\..\\..\\..\\..\\..\\front_end\\core\\sdk\\IssuesModel.ts", "..\\..\\..\\..\\..\\..\\front_end\\core\\sdk\\LayerTreeBase.ts", "..\\..\\..\\..\\..\\..\\front_end\\core\\sdk\\LogModel.ts", "..\\..\\..\\..\\..\\..\\front_end\\core\\sdk\\NetworkManager.ts", "..\\..\\..\\..\\..\\..\\front_end\\core\\sdk\\NetworkRequest.ts", "..\\..\\..\\..\\..\\..\\front_end\\core\\sdk\\OverlayColorGenerator.ts", "..\\..\\..\\..\\..\\..\\front_end\\core\\sdk\\OverlayModel.ts", "..\\..\\..\\..\\..\\..\\front_end\\core\\sdk\\OverlayPersistentHighlighter.ts", "..\\..\\..\\..\\..\\..\\front_end\\core\\sdk\\PageLoad.ts", "..\\..\\..\\..\\..\\..\\front_end\\core\\sdk\\PageResourceLoader.ts", "..\\..\\..\\..\\..\\..\\front_end\\core\\sdk\\PaintProfiler.ts", "..\\..\\..\\..\\..\\..\\front_end\\core\\sdk\\PerformanceMetricsModel.ts", "..\\..\\..\\..\\..\\..\\front_end\\core\\sdk\\ProfileTreeModel.ts", "..\\..\\..\\..\\..\\..\\front_end\\core\\sdk\\RemoteObject.ts", "..\\..\\..\\..\\..\\..\\front_end\\core\\sdk\\Resource.ts", "..\\..\\..\\..\\..\\..\\front_end\\core\\sdk\\ResourceTreeModel.ts", "..\\..\\..\\..\\..\\..\\front_end\\core\\sdk\\RuntimeModel.ts", "..\\..\\..\\..\\..\\..\\front_end\\core\\sdk\\SDKModel.ts", "..\\..\\..\\..\\..\\..\\front_end\\core\\sdk\\ScreenCaptureModel.ts", "..\\..\\..\\..\\..\\..\\front_end\\core\\sdk\\Script.ts", "..\\..\\..\\..\\..\\..\\front_end\\core\\sdk\\SecurityOriginManager.ts", "..\\..\\..\\..\\..\\..\\front_end\\core\\sdk\\ServerTiming.ts", "..\\..\\..\\..\\..\\..\\front_end\\core\\sdk\\ServiceWorkerCacheModel.ts", "..\\..\\..\\..\\..\\..\\front_end\\core\\sdk\\ServiceWorkerManager.ts", "..\\..\\..\\..\\..\\..\\front_end\\core\\sdk\\SourceMap.ts", "..\\..\\..\\..\\..\\..\\front_end\\core\\sdk\\SourceMapManager.ts", "..\\..\\..\\..\\..\\..\\front_end\\core\\sdk\\Target.ts", "..\\..\\..\\..\\..\\..\\front_end\\core\\sdk\\TargetManager.ts", "..\\..\\..\\..\\..\\..\\front_end\\core\\sdk\\TracingManager.ts", "..\\..\\..\\..\\..\\..\\front_end\\core\\sdk\\TracingModel.ts", "..\\..\\..\\..\\..\\..\\front_end\\core\\sdk\\WebAuthnModel.ts", "..\\..\\..\\..\\..\\..\\front_end\\legacy\\legacy-defs.d.ts", "..\\..\\..\\..\\..\\..\\front_end\\global_typings\\global_defs.d.ts", "..\\..\\..\\..\\..\\..\\front_end\\global_typings\\request_idle_callback.d.ts", "..\\..\\..\\..\\..\\..\\front_end\\global_typings\\intl_display_names.d.ts", "..\\..\\..\\..\\..\\..\\node_modules\\@types\\filesystem\\index.d.ts"], "references": [{"path": "../common/bundle-tsconfig.json"}, {"path": "../host/bundle-tsconfig.json"}, {"path": "../i18n/bundle-tsconfig.json"}, {"path": "../platform/bundle-tsconfig.json"}, {"path": "../protocol_client/bundle-tsconfig.json"}, {"path": "../root/bundle-tsconfig.json"}, {"path": "../../generated/generated-tsconfig.json"}, {"path": "../../generated/protocol-tsconfig.json"}, {"path": "../../models/text_utils/bundle-tsconfig.json"}, {"path": "../../third_party/codemirror/bundle-tsconfig.json"}]}