{"compilerOptions": {"module": "esnext", "target": "esnext", "checkJs": true, "allowJs": true, "noEmitOnError": true, "strict": true, "forceConsistentCasingInFileNames": true, "noImplicitReturns": true, "noFallthroughCasesInSwitch": true, "composite": true, "declaration": true, "sourceMap": true, "inlineSources": true, "skipLibCheck": true, "rootDir": "..\\..\\..\\..\\..\\..\\front_end\\core\\host", "typeRoots": [], "outDir": ".", "tsBuildInfoFile": "host-tsconfig.json.tsbuildinfo", "lib": ["esnext", "dom", "dom.iterable"]}, "files": ["..\\..\\..\\..\\..\\..\\front_end\\core\\host\\InspectorFrontendHost.ts", "..\\..\\..\\..\\..\\..\\front_end\\core\\host\\InspectorFrontendHostAPI.ts", "..\\..\\..\\..\\..\\..\\front_end\\core\\host\\Platform.ts", "..\\..\\..\\..\\..\\..\\front_end\\core\\host\\ResourceLoader.ts", "..\\..\\..\\..\\..\\..\\front_end\\core\\host\\UserMetrics.ts", "..\\..\\..\\..\\..\\..\\front_end\\legacy\\legacy-defs.d.ts", "..\\..\\..\\..\\..\\..\\front_end\\global_typings\\global_defs.d.ts", "..\\..\\..\\..\\..\\..\\front_end\\global_typings\\request_idle_callback.d.ts", "..\\..\\..\\..\\..\\..\\front_end\\global_typings\\intl_display_names.d.ts", "..\\..\\..\\..\\..\\..\\node_modules\\@types\\filesystem\\index.d.ts"], "references": [{"path": "../common/bundle-tsconfig.json"}, {"path": "../i18n/bundle-tsconfig.json"}, {"path": "../platform/bundle-tsconfig.json"}, {"path": "../root/bundle-tsconfig.json"}]}