{"compilerOptions":{"composite":true,"outDir":".","baseUrl":".","rootDir":"..\\..\\..\\..\\..\\..\\front_end\\entrypoints\\shell"},"files":["..\\..\\..\\..\\..\\..\\front_end\\entrypoints\\shell\\shell-meta-files.ts"],"references":[{"path":"../../core/sdk/meta-tsconfig.json"},{"path":"../../core/sdk/meta-tsconfig.json"},{"path":"../../entrypoints/main/meta-tsconfig.json"},{"path":"../../models/logs/meta-tsconfig.json"},{"path":"../../models/persistence/meta-tsconfig.json"},{"path":"../../models/workspace/legacy-tsconfig.json"},{"path":"../../panels/application/meta-tsconfig.json"},{"path":"../../panels/changes/meta-tsconfig.json"},{"path":"../../panels/console/meta-tsconfig.json"},{"path":"../../panels/console_counters/meta-tsconfig.json"},{"path":"../../panels/coverage/meta-tsconfig.json"},{"path":"../../panels/input/meta-tsconfig.json"},{"path":"../../panels/profiler/meta-tsconfig.json"},{"path":"../../panels/protocol_monitor/meta-tsconfig.json"},{"path":"../../panels/settings/meta-tsconfig.json"},{"path":"../../panels/sources/meta-tsconfig.json"},{"path":"../../ui/components/linear_memory_inspector/meta-tsconfig.json"},{"path":"../../ui/legacy/components/object_ui/meta-tsconfig.json"},{"path":"../../ui/legacy/components/perf_ui/meta-tsconfig.json"},{"path":"../../ui/legacy/components/quick_open/meta-tsconfig.json"},{"path":"../../ui/legacy/components/source_frame/meta-tsconfig.json"}]}