{"compilerOptions": {"module": "esnext", "target": "esnext", "checkJs": true, "allowJs": true, "noEmitOnError": true, "strict": true, "forceConsistentCasingInFileNames": true, "noImplicitReturns": true, "noFallthroughCasesInSwitch": true, "composite": true, "declaration": true, "sourceMap": true, "inlineSources": true, "skipLibCheck": true, "rootDir": "..\\..\\..\\..\\..\\..\\front_end\\entrypoints\\shell", "typeRoots": [], "emitDeclarationOnly": true, "outDir": ".", "tsBuildInfoFile": "shell-tsconfig.json.tsbuildinfo", "lib": ["esnext", "dom", "dom.iterable"]}, "files": ["..\\..\\..\\..\\..\\..\\front_end\\entrypoints\\shell\\shell.js", "..\\..\\..\\..\\..\\..\\front_end\\legacy\\legacy-defs.d.ts", "..\\..\\..\\..\\..\\..\\front_end\\global_typings\\global_defs.d.ts", "..\\..\\..\\..\\..\\..\\front_end\\global_typings\\request_idle_callback.d.ts", "..\\..\\..\\..\\..\\..\\front_end\\global_typings\\intl_display_names.d.ts", "..\\..\\..\\..\\..\\..\\node_modules\\@types\\filesystem\\index.d.ts"], "references": [{"path": "./shell-meta-files-tsconfig.json"}, {"path": "../../Images/optimize_images-tsconfig.json"}, {"path": "../../core/common/legacy-tsconfig.json"}, {"path": "../../core/dom_extension/bundle-tsconfig.json"}, {"path": "../../core/host/legacy-tsconfig.json"}, {"path": "../../core/protocol_client/legacy-tsconfig.json"}, {"path": "../../core/root/legacy-tsconfig.json"}, {"path": "../../core/sdk/legacy-tsconfig.json"}, {"path": "../main/meta-tsconfig.json"}, {"path": "../startup/bundle-tsconfig.json"}, {"path": "../../models/bindings/legacy-tsconfig.json"}, {"path": "../../models/extensions/legacy-tsconfig.json"}, {"path": "../../models/persistence/legacy-tsconfig.json"}, {"path": "../../models/text_utils/legacy-tsconfig.json"}, {"path": "../../models/workspace/legacy-tsconfig.json"}, {"path": "../../ui/legacy/legacy-tsconfig.json"}, {"path": "../../ui/legacy/components/utils/legacy-tsconfig.json"}, {"path": "../startup/bundle-tsconfig.json"}]}