{"compilerOptions": {"module": "esnext", "target": "esnext", "checkJs": true, "allowJs": true, "noEmitOnError": true, "strict": true, "forceConsistentCasingInFileNames": true, "noImplicitReturns": true, "noFallthroughCasesInSwitch": true, "composite": true, "declaration": true, "sourceMap": true, "inlineSources": true, "skipLibCheck": true, "rootDir": "..\\..\\..\\..\\..\\..\\front_end\\entrypoints\\main", "typeRoots": [], "outDir": ".", "tsBuildInfoFile": "main-tsconfig.json.tsbuildinfo", "lib": ["esnext", "dom", "dom.iterable"]}, "files": ["..\\..\\..\\..\\..\\..\\front_end\\entrypoints\\main\\ExecutionContextSelector.ts", "..\\..\\..\\..\\..\\..\\front_end\\entrypoints\\main\\MainImpl.ts", "..\\..\\..\\..\\..\\..\\front_end\\entrypoints\\main\\SimpleApp.ts", "..\\..\\..\\..\\..\\..\\front_end\\legacy\\legacy-defs.d.ts", "..\\..\\..\\..\\..\\..\\front_end\\global_typings\\global_defs.d.ts", "..\\..\\..\\..\\..\\..\\front_end\\global_typings\\request_idle_callback.d.ts", "..\\..\\..\\..\\..\\..\\front_end\\global_typings\\intl_display_names.d.ts", "..\\..\\..\\..\\..\\..\\node_modules\\@types\\filesystem\\index.d.ts"], "references": [{"path": "../../core/common/bundle-tsconfig.json"}, {"path": "../../core/host/bundle-tsconfig.json"}, {"path": "../../core/i18n/bundle-tsconfig.json"}, {"path": "../../core/platform/bundle-tsconfig.json"}, {"path": "../../core/protocol_client/bundle-tsconfig.json"}, {"path": "../../core/sdk/bundle-tsconfig.json"}, {"path": "../../generated/protocol-tsconfig.json"}, {"path": "../../models/bindings/bundle-tsconfig.json"}, {"path": "../../models/extensions/bundle-tsconfig.json"}, {"path": "../../models/issues_manager/bundle-tsconfig.json"}, {"path": "../../models/logs/bundle-tsconfig.json"}, {"path": "../../models/persistence/bundle-tsconfig.json"}, {"path": "../../models/workspace/bundle-tsconfig.json"}, {"path": "../../panels/snippets/bundle-tsconfig.json"}, {"path": "../../panels/timeline/bundle-tsconfig.json"}, {"path": "../../ui/legacy/bundle-tsconfig.json"}, {"path": "../../ui/legacy/components/utils/bundle-tsconfig.json"}, {"path": "../../ui/legacy/theme_support/bundle-tsconfig.json"}]}