{"compilerOptions": {"module": "esnext", "target": "esnext", "checkJs": true, "allowJs": true, "noEmitOnError": true, "strict": true, "forceConsistentCasingInFileNames": true, "noImplicitReturns": true, "noFallthroughCasesInSwitch": true, "composite": true, "declaration": true, "sourceMap": true, "inlineSources": true, "skipLibCheck": true, "rootDir": "..\\..\\..\\..\\..\\..\\front_end\\entrypoints\\formatter_worker", "typeRoots": [], "outDir": ".", "tsBuildInfoFile": "formatter_worker-tsconfig.json.tsbuildinfo", "lib": ["esnext", "dom", "dom.iterable"]}, "files": ["..\\..\\..\\..\\..\\..\\front_end\\entrypoints\\formatter_worker\\AcornTokenizer.ts", "..\\..\\..\\..\\..\\..\\front_end\\entrypoints\\formatter_worker\\CSSFormatter.ts", "..\\..\\..\\..\\..\\..\\front_end\\entrypoints\\formatter_worker\\CSSRuleParser.ts", "..\\..\\..\\..\\..\\..\\front_end\\entrypoints\\formatter_worker\\ESTreeWalker.ts", "..\\..\\..\\..\\..\\..\\front_end\\entrypoints\\formatter_worker\\FormattedContentBuilder.ts", "..\\..\\..\\..\\..\\..\\front_end\\entrypoints\\formatter_worker\\FormatterWorker.ts", "..\\..\\..\\..\\..\\..\\front_end\\entrypoints\\formatter_worker\\HTMLFormatter.ts", "..\\..\\..\\..\\..\\..\\front_end\\entrypoints\\formatter_worker\\HTMLOutline.ts", "..\\..\\..\\..\\..\\..\\front_end\\entrypoints\\formatter_worker\\IdentityFormatter.ts", "..\\..\\..\\..\\..\\..\\front_end\\entrypoints\\formatter_worker\\JSONFormatter.ts", "..\\..\\..\\..\\..\\..\\front_end\\entrypoints\\formatter_worker\\JavaScriptFormatter.ts", "..\\..\\..\\..\\..\\..\\front_end\\entrypoints\\formatter_worker\\JavaScriptOutline.ts", "..\\..\\..\\..\\..\\..\\front_end\\legacy\\legacy-defs.d.ts", "..\\..\\..\\..\\..\\..\\front_end\\global_typings\\global_defs.d.ts", "..\\..\\..\\..\\..\\..\\front_end\\global_typings\\request_idle_callback.d.ts", "..\\..\\..\\..\\..\\..\\front_end\\global_typings\\intl_display_names.d.ts", "..\\..\\..\\..\\..\\..\\node_modules\\@types\\filesystem\\index.d.ts"], "references": [{"path": "../../core/platform/bundle-tsconfig.json"}, {"path": "../../core/root/bundle-tsconfig.json"}, {"path": "../../models/formatter/bundle-tsconfig.json"}, {"path": "../../models/text_utils/bundle-tsconfig.json"}, {"path": "../../third_party/acorn/bundle-tsconfig.json"}, {"path": "../../third_party/acorn-loose/bundle-tsconfig.json"}, {"path": "../../third_party/codemirror/codemirror-tsconfig.json"}]}