{"compilerOptions": {"module": "esnext", "target": "esnext", "checkJs": true, "allowJs": true, "noEmitOnError": true, "strict": true, "forceConsistentCasingInFileNames": true, "noImplicitReturns": true, "noFallthroughCasesInSwitch": true, "composite": true, "declaration": true, "sourceMap": true, "inlineSources": true, "skipLibCheck": true, "rootDir": "..\\..\\..\\..\\..\\..\\front_end\\entrypoints\\node_main", "typeRoots": [], "outDir": ".", "tsBuildInfoFile": "node_main-tsconfig.json.tsbuildinfo", "lib": ["esnext", "dom", "dom.iterable"]}, "files": ["..\\..\\..\\..\\..\\..\\front_end\\entrypoints\\node_main\\NodeConnectionsPanel.ts", "..\\..\\..\\..\\..\\..\\front_end\\entrypoints\\node_main\\NodeMain.ts", "..\\..\\..\\..\\..\\..\\front_end\\legacy\\legacy-defs.d.ts", "..\\..\\..\\..\\..\\..\\front_end\\global_typings\\global_defs.d.ts", "..\\..\\..\\..\\..\\..\\front_end\\global_typings\\request_idle_callback.d.ts", "..\\..\\..\\..\\..\\..\\front_end\\global_typings\\intl_display_names.d.ts", "..\\..\\..\\..\\..\\..\\node_modules\\@types\\filesystem\\index.d.ts"], "references": [{"path": "../../core/common/bundle-tsconfig.json"}, {"path": "../../core/host/bundle-tsconfig.json"}, {"path": "../../core/i18n/bundle-tsconfig.json"}, {"path": "../../core/protocol_client/bundle-tsconfig.json"}, {"path": "../../core/sdk/bundle-tsconfig.json"}, {"path": "../../generated/protocol-tsconfig.json"}, {"path": "../../ui/legacy/bundle-tsconfig.json"}, {"path": "../../ui/legacy/components/utils/bundle-tsconfig.json"}]}