{"compilerOptions": {"module": "esnext", "target": "esnext", "checkJs": true, "allowJs": true, "noEmitOnError": true, "strict": true, "forceConsistentCasingInFileNames": true, "noImplicitReturns": true, "noFallthroughCasesInSwitch": true, "composite": true, "declaration": true, "sourceMap": true, "inlineSources": true, "skipLibCheck": true, "rootDir": "..\\..\\..\\..\\..\\..\\front_end\\entrypoints\\heap_snapshot_worker", "typeRoots": [], "outDir": ".", "tsBuildInfoFile": "devtools_entrypoint-worker_entrypoint-typescript-tsconfig.json.tsbuildinfo", "lib": ["esnext", "webworker", "webworker.iterable"]}, "files": ["..\\..\\..\\..\\..\\..\\front_end\\entrypoints\\heap_snapshot_worker\\heap_snapshot_worker-entrypoint.ts", "..\\..\\..\\..\\..\\..\\front_end\\legacy\\legacy-defs.d.ts", "..\\..\\..\\..\\..\\..\\front_end\\global_typings\\global_defs.d.ts", "..\\..\\..\\..\\..\\..\\front_end\\global_typings\\request_idle_callback.d.ts", "..\\..\\..\\..\\..\\..\\front_end\\global_typings\\intl_display_names.d.ts", "..\\..\\..\\..\\..\\..\\node_modules\\@types\\filesystem\\index.d.ts"], "references": [{"path": "./bundle-tsconfig.json"}]}