{"compilerOptions": {"module": "esnext", "target": "esnext", "checkJs": true, "allowJs": true, "noEmitOnError": true, "strict": true, "forceConsistentCasingInFileNames": true, "noImplicitReturns": true, "noFallthroughCasesInSwitch": true, "composite": true, "declaration": true, "sourceMap": true, "inlineSources": true, "skipLibCheck": true, "rootDir": "..\\..\\..\\..\\..\\..\\front_end\\entrypoints\\heap_snapshot_worker", "typeRoots": [], "outDir": ".", "tsBuildInfoFile": "heap_snapshot_worker-tsconfig.json.tsbuildinfo", "lib": ["esnext", "dom", "dom.iterable"]}, "files": ["..\\..\\..\\..\\..\\..\\front_end\\entrypoints\\heap_snapshot_worker\\AllocationProfile.ts", "..\\..\\..\\..\\..\\..\\front_end\\entrypoints\\heap_snapshot_worker\\HeapSnapshot.ts", "..\\..\\..\\..\\..\\..\\front_end\\entrypoints\\heap_snapshot_worker\\HeapSnapshotLoader.ts", "..\\..\\..\\..\\..\\..\\front_end\\entrypoints\\heap_snapshot_worker\\HeapSnapshotWorkerDispatcher.ts", "..\\..\\..\\..\\..\\..\\front_end\\legacy\\legacy-defs.d.ts", "..\\..\\..\\..\\..\\..\\front_end\\global_typings\\global_defs.d.ts", "..\\..\\..\\..\\..\\..\\front_end\\global_typings\\request_idle_callback.d.ts", "..\\..\\..\\..\\..\\..\\front_end\\global_typings\\intl_display_names.d.ts", "..\\..\\..\\..\\..\\..\\node_modules\\@types\\filesystem\\index.d.ts"], "references": [{"path": "../../core/common/bundle-tsconfig.json"}, {"path": "../../core/i18n/bundle-tsconfig.json"}, {"path": "../../core/platform/bundle-tsconfig.json"}, {"path": "../../models/heap_snapshot_model/bundle-tsconfig.json"}, {"path": "../../models/text_utils/bundle-tsconfig.json"}]}